Sygnatura czasowa,Gry regularne,Zainteresowanie e-sport,Zainteresowanie turniej,Czy udzia³,Gry turniej,Dru¿yny,P³eæ,Wiek,Wydzia³,Czy poda³ mail
5/5/2017 14:21:17,Counter-Strike: Global Offensive,Tak ogl¹dam livestreamy z rozgrywek,"Ogl¹da³bym/ogl¹da³abym livestream z rozgrywek, Chcia³bym/chcia³abym uczestniczyæ w imprezie (np. na Auli) gdzie prowadzone by³by rozgrywki",FALSE,Counter-Strike: Global Offensive,Nie mia³bym/mia³abym dru¿yny do Counter-Strike: Global Offensive,Mê¿czyzna,18,Instytut Anglistyki,FALSE
5/3/2017 13:34:37,"Hearthstone, League of legends",Tak ogl¹dam livestreamy z rozgrywek,Chcia³bym/chcia³abym uczestniczyæ w imprezie (np. na Auli) gdzie prowadzone by³by rozgrywki,TRUE,League of legends,Nie mia³bym/mia³abym dru¿yny do League of legends,Mê¿czyzna,18,"Matematyki, Informatyki i Mechaniki",FALSE
5/4/2017 19:56:28,"Hearthstone, League of legends, Counter-Strike: Global Offensive, Starcraft 2","Tak œledzê wyniki dru¿yn e-sportowych, Tak ogl¹dam livestreamy z rozgrywek","Œledzi³bym/œledzi³abym wyniki, Ogl¹da³bym/ogl¹da³abym livestream z rozgrywek, Chcia³bym/chcia³abym uczestniczyæ w imprezie (np. na Auli) gdzie prowadzone by³by rozgrywki",TRUE,"League of legends, Counter-Strike: Global Offensive","Mia³bym/mia³abym czêœæ dru¿yny do League of legends, Mia³bym/mia³abym czêœæ dru¿yny do Counter-Strike: Global Offensive, Nie mia³bym/mia³abym dru¿yny do Counter-Strike: Global Offensive",Mê¿czyzna,19,Filozofii i Socjologii,FALSE
5/3/2017 12:48:13,Nie gram w nic regularnie,Nie interesuje siê e-sportem,Nie interesowa³oby mnie to,FALSE,Nie dotyczy,Nie dotyczy,Mê¿czyzna,19,Fizyki,FALSE
5/5/2017 10:26:56,"Hearthstone, League of legends",Tak ogl¹dam livestreamy z rozgrywek,Chcia³bym/chcia³abym uczestniczyæ w imprezie (np. na Auli) gdzie prowadzone by³by rozgrywki,TRUE,"Hearthstone, League of legends",Mia³bym/mia³abym czêœæ dru¿yny do League of legends,Mê¿czyzna,19,Instytut Archeologii ,TRUE
5/2/2017 18:04:23,Quake Live,Nie interesuje siê e-sportem,"Ogl¹da³bym/ogl¹da³abym livestream z rozgrywek, Chcia³bym/chcia³abym uczestniczyæ w imprezie (np. na Auli) gdzie prowadzone by³by rozgrywki",TRUE,"Counter-Strike: Global Offensive, Quake Live",Nie mia³bym/mia³abym dru¿yny do Counter-Strike: Global Offensive,Mê¿czyzna,19,"Matematyki, Informatyki i Mechaniki",FALSE
5/2/2017 18:11:21,"League of legends, Counter-Strike: Global Offensive, Heroes of Might and Magic 3",Tak ogl¹dam livestreamy z rozgrywek,"Œledzi³bym/œledzi³abym wyniki, Ogl¹da³bym/ogl¹da³abym livestream z rozgrywek, Chcia³bym/chcia³abym uczestniczyæ w imprezie (np. na Auli) gdzie prowadzone by³by rozgrywki",TRUE,"League of legends, Heroes of Might and Magic 3",Nie mia³bym/mia³abym dru¿yny do League of legends,Mê¿czyzna,19,"Matematyki, Informatyki i Mechaniki",TRUE
5/2/2017 18:18:37,Heroes of Might and Magic 3,Nie interesuje siê e-sportem,Nie interesowa³oby mnie to,TRUE,Heroes of Might and Magic 3,Nie dotyczy,Mê¿czyzna,19,"Matematyki, Informatyki i Mechaniki",FALSE
5/2/2017 18:25:13,Nie gram w nic regularnie,Nie œledzê za czêsto wyników lub livestreamów z rozgrywek ale wiem co to esport,"Ogl¹da³bym/ogl¹da³abym livestream z rozgrywek, Chcia³bym/chcia³abym uczestniczyæ w imprezie (np. na Auli) gdzie prowadzone by³by rozgrywki",TRUE,"League of legends, Counter-Strike: Global Offensive","Nie mia³bym/mia³abym dru¿yny do League of legends, Nie mia³bym/mia³abym dru¿yny do Counter-Strike: Global Offensive",Mê¿czyzna,19,"Matematyki, Informatyki i Mechaniki",FALSE
5/2/2017 19:22:40,Dota 2,Tak ogl¹dam livestreamy z rozgrywek,Œledzi³bym/œledzi³abym wyniki,TRUE,Dota 2,Nie mia³bym/mia³abym dru¿yny do Dota 2,Mê¿czyzna,19,"Matematyki, Informatyki i Mechaniki",FALSE
5/2/2017 21:42:37,"Overwatch, Hearthstone, Counter-Strike: Global Offensive",Nie œledzê za czêsto wyników lub livestreamów z rozgrywek ale wiem co to esport,Chcia³bym/chcia³abym uczestniczyæ w imprezie (np. na Auli) gdzie prowadzone by³by rozgrywki,TRUE,"Overwatch, Hearthstone",Nie mia³bym/mia³abym dru¿yny do Overwatch,Mê¿czyzna,19,"Matematyki, Informatyki i Mechaniki",TRUE
5/3/2017 11:01:42,League of legends,Nie œledzê za czêsto wyników lub livestreamów z rozgrywek ale wiem co to esport,Œledzi³bym/œledzi³abym wyniki,FALSE,"League of legends, Counter-Strike: Global Offensive",Mia³bym/mia³abym czêœæ dru¿yny do League of legends,Mê¿czyzna,19,"Matematyki, Informatyki i Mechaniki",TRUE
5/3/2017 14:21:55,Heroes of Might and Magic 3,Nie interesuje siê e-sportem,"Œledzi³bym/œledzi³abym wyniki, Chcia³bym/chcia³abym uczestniczyæ w imprezie (np. na Auli) gdzie prowadzone by³by rozgrywki",TRUE,"Heroes of Might and Magic 3, Heroes of Might and Magic 5","Mia³bym/mia³abym ca³¹ dru¿ynê do Heroes of Might and Magic 3, Mia³bym/mia³abym ca³¹ dru¿ynê do Heroes of Might and Magic 5",Mê¿czyzna,19,"Matematyki, Informatyki i Mechaniki",FALSE
5/4/2017 16:44:31,Dota 2,Nie interesuje siê e-sportem,Chcia³bym/chcia³abym uczestniczyæ w imprezie (np. na Auli) gdzie prowadzone by³by rozgrywki,TRUE,Dota 2,Nie mia³bym/mia³abym dru¿yny do Dota 2,Mê¿czyzna,19,"Matematyki, Informatyki i Mechaniki",FALSE
5/3/2017 19:20:06,Nie gram w nic regularnie,Nie interesuje siê e-sportem,Nie interesowa³oby mnie to,FALSE,Nie dotyczy,Nie dotyczy,Mê¿czyzna,19,Miêdzywydzia³owe Indywidualne Studia Matematyczno-Przyrodnicze,FALSE
5/5/2017 1:45:31,"League of legends, Starcraft 2 ",Nie œledzê za czêsto wyników lub livestreamów z rozgrywek ale wiem co to esport,Ogl¹da³bym/ogl¹da³abym livestream z rozgrywek,TRUE,Starcraft 2,Nie mia³bym/mia³abym dru¿yny do League of legends,Mê¿czyzna,19,Miêdzywydzia³owe Indywidualne Studia Matematyczno-Przyrodnicze,FALSE
5/4/2017 16:38:15,Nie gram w nic regularnie,Nie wiem co to e-sport,Nie interesowa³oby mnie to,FALSE,Nie dotyczy,Nie dotyczy,Kobieta,19,Nauk Politycznych i Stosunków Miêdzynarodowych,FALSE
5/4/2017 23:11:03,Nie gram w nic regularnie,Nie œledzê za czêsto wyników lub livestreamów z rozgrywek ale wiem co to esport,Nie interesowa³oby mnie to,TRUE,FIFA ,Nie dotyczy,Mê¿czyzna,19,Nauk Politycznych i Stosunków Miêdzynarodowych,FALSE
5/4/2017 19:36:37,Nie gram w nic regularnie,Nie wiem co to e-sport,Nie interesowa³oby mnie to,FALSE,Nie dotyczy,Nie dotyczy,Kobieta,19,Pedagogiczny,FALSE
5/5/2017 1:25:17,Nie gram w nic regularnie,Nie interesuje siê e-sportem,Nie interesowa³oby mnie to,FALSE,Nie dotyczy,Nie dotyczy,Kobieta,19,Pedagogiczny,FALSE
5/7/2017 23:11:51,"League of legends, Counter-Strike: Global Offensive","Tak œledzê wyniki dru¿yn e-sportowych, Tak ogl¹dam livestreamy z rozgrywek","Œledzi³bym/œledzi³abym wyniki, Ogl¹da³bym/ogl¹da³abym livestream z rozgrywek, Chcia³bym/chcia³abym uczestniczyæ w imprezie (np. na Auli) gdzie prowadzone by³by rozgrywki",TRUE,"League of legends, Counter-Strike: Global Offensive",Mia³bym/mia³abym czêœæ dru¿yny do League of legends,Kobieta,19,Uniwersyteckie Kolegium Kszta³cenia Nauczycieli Jêzyka Angielskiego,TRUE
5/8/2017 6:32:45,League of legends,Tak ogl¹dam livestreamy z rozgrywek,Chcia³bym/chcia³abym uczestniczyæ w imprezie (np. na Auli) gdzie prowadzone by³by rozgrywki,TRUE,League of legends,Nie mia³bym/mia³abym dru¿yny do League of legends,Mê¿czyzna,19,Uniwersyteckie Kolegium Kszta³cenia Nauczycieli Jêzyka Angielskiego,FALSE
5/2/2017 18:01:24,Nie gram w nic regularnie,Nie wiem co to e-sport,Nie interesowa³oby mnie to,FALSE,Nie dotyczy,Nie dotyczy,Kobieta,19,Zarz¹dzania,FALSE
5/3/2017 9:31:02,League of legends,Nie œledzê za czêsto wyników lub livestreamów z rozgrywek ale wiem co to esport,Chcia³bym/chcia³abym uczestniczyæ w imprezie (np. na Auli) gdzie prowadzone by³by rozgrywki,TRUE,"League of legends, Counter-Strike: Global Offensive","Mia³bym/mia³abym ca³¹ dru¿ynê do League of legends, Mia³bym/mia³abym ca³¹ dru¿ynê do Counter-Strike: Global Offensive",Mê¿czyzna,19,Zarz¹dzania,FALSE
5/8/2017 9:24:03,Counter-Strike: Global Offensive,Tak œledzê wyniki dru¿yn e-sportowych,Ogl¹da³bym/ogl¹da³abym livestream z rozgrywek,TRUE,Counter-Strike: Global Offensive,Mia³bym/mia³abym czêœæ dru¿yny do Counter-Strike: Global Offensive,Mê¿czyzna,19,Zarz¹dzania,FALSE
5/7/2017 18:19:49,Nie gram w nic regularnie,Tak ogl¹dam livestreamy z rozgrywek,Œledzi³bym/œledzi³abym wyniki,FALSE,Nie dotyczy,Nie dotyczy,Kobieta,20,Biologii,FALSE
5/4/2017 13:57:45,"Hearthstone, League of legends","Tak œledzê wyniki dru¿yn e-sportowych, Tak ogl¹dam livestreamy z rozgrywek","Œledzi³bym/œledzi³abym wyniki, Ogl¹da³bym/ogl¹da³abym livestream z rozgrywek, Chcia³bym/chcia³abym uczestniczyæ w imprezie (np. na Auli) gdzie prowadzone by³by rozgrywki",TRUE,League of legends,Mia³bym/mia³abym czêœæ dru¿yny do League of legends,Mê¿czyzna,20,Filozofii i Socjologii,FALSE
5/6/2017 9:17:43,Hearthstone,Nie œledzê za czêsto wyników lub livestreamów z rozgrywek ale wiem co to esport,Chcia³bym/chcia³abym uczestniczyæ w imprezie (np. na Auli) gdzie prowadzone by³by rozgrywki,FALSE,"Overwatch, Hearthstone",Mia³bym/mia³abym ca³¹ dru¿ynê do Counter-Strike: Global Offensive,Mê¿czyzna,20,Filozofii i Socjologii,FALSE
5/3/2017 13:12:00,Nie gram w nic regularnie,Nie interesuje siê e-sportem,Nie interesowa³oby mnie to,FALSE,Nie dotyczy,Nie dotyczy,Kobieta,20,Fizyki,FALSE
5/4/2017 20:30:49,Counter-Strike: Global Offensive,"Tak œledzê wyniki dru¿yn e-sportowych, Tak ogl¹dam livestreamy z rozgrywek","Œledzi³bym/œledzi³abym wyniki, Ogl¹da³bym/ogl¹da³abym livestream z rozgrywek, Chcia³bym/chcia³abym uczestniczyæ w imprezie (np. na Auli) gdzie prowadzone by³by rozgrywki",TRUE,Counter-Strike: Global Offensive,Nie mia³bym/mia³abym dru¿yny do Counter-Strike: Global Offensive,Mê¿czyzna,20,Geografii i Studiów Regionalnych,TRUE
5/7/2017 18:37:58,FIFA,Nie interesuje siê e-sportem,Chcia³bym/chcia³abym uczestniczyæ w imprezie (np. na Auli) gdzie prowadzone by³by rozgrywki,FALSE,FIFA,Nie dotyczy,Mê¿czyzna,20,Geografii i Studiów Regionalnych,FALSE
5/4/2017 14:50:50,"Starcraft 2, Heroes of the Storm",Nie œledzê za czêsto wyników lub livestreamów z rozgrywek ale wiem co to esport,"Œledzi³bym/œledzi³abym wyniki, Ogl¹da³bym/ogl¹da³abym livestream z rozgrywek",TRUE,"Heroes of the Storm, StarCraft 2",Nie mia³abym/mia³abym dru¿yny do Heroes of the Storm,Kobieta,20,Geologii,TRUE
5/8/2017 11:59:12,Counter-Strike: Global Offensive,"Tak œledzê wyniki dru¿yn e-sportowych, Tak ogl¹dam livestreamy z rozgrywek",Chcia³bym/chcia³abym uczestniczyæ w imprezie (np. na Auli) gdzie prowadzone by³by rozgrywki,TRUE,Counter-Strike: Global Offensive,Nie mia³bym/mia³abym dru¿yny do Counter-Strike: Global Offensive,Mê¿czyzna,20,Geologii,FALSE
5/7/2017 21:52:18,Overwatch,"Tak œledzê wyniki dru¿yn e-sportowych, Tak ogl¹dam livestreamy z rozgrywek","Œledzi³bym/œledzi³abym wyniki, Ogl¹da³bym/ogl¹da³abym livestream z rozgrywek, Chcia³bym/chcia³abym uczestniczyæ w imprezie (np. na Auli) gdzie prowadzone by³by rozgrywki",TRUE,"Overwatch, Counter-Strike: Global Offensive","Nie mia³bym/mia³abym dru¿yny do Overwatch, Nie mia³bym/mia³abym dru¿yny do Counter-Strike: Global Offensive",Mê¿czyzna,20,Instytut Anglistyki,FALSE
5/8/2017 13:27:03,League of legends,Nie œledzê za czêsto wyników lub livestreamów z rozgrywek ale wiem co to esport,"Œledzi³bym/œledzi³abym wyniki, Ogl¹da³bym/ogl¹da³abym livestream z rozgrywek",TRUE,League of legends,Mia³bym/mia³abym czêœæ dru¿yny do League of legends,Kobieta,20,Instytut Komunikacji Specjalistycznej i Interkulturowej,TRUE
5/4/2017 14:49:47,WiedŸmin,Nie œledzê za czêsto wyników lub livestreamów z rozgrywek ale wiem co to esport,Ogl¹da³bym/ogl¹da³abym livestream z rozgrywek,TRUE,Gwint,Nie dotyczy,Kobieta,20,Instytut Lingwistyki Stosowanej,FALSE
5/4/2017 22:46:40,Hearthstone,"Tak œledzê wyniki dru¿yn e-sportowych, Tak ogl¹dam livestreamy z rozgrywek","Œledzi³bym/œledzi³abym wyniki, Ogl¹da³bym/ogl¹da³abym livestream z rozgrywek, Chcia³bym/chcia³abym uczestniczyæ w imprezie (np. na Auli) gdzie prowadzone by³by rozgrywki",TRUE,Hearthstone,Nie mia³bym/mia³abym dru¿yny do League of legends,Kobieta,20,Instytut Nauk Politycznych,TRUE
5/7/2017 18:56:12,League of legends,Tak ogl¹dam livestreamy z rozgrywek,"Ogl¹da³bym/ogl¹da³abym livestream z rozgrywek, Chcia³bym/chcia³abym uczestniczyæ w imprezie (np. na Auli) gdzie prowadzone by³by rozgrywki",TRUE,League of legends,Nie mia³bym/mia³abym dru¿yny do League of legends,Kobieta,20,Instytut Profilaktyki Spo³ecznej i Resocjalizacji,FALSE
5/2/2017 18:26:17,Nie gram w nic regularnie,Nie œledzê za czêsto wyników lub livestreamów z rozgrywek ale wiem co to esport,"Œledzi³bym/œledzi³abym wyniki, Ogl¹da³bym/ogl¹da³abym livestream z rozgrywek, Chcia³bym/chcia³abym uczestniczyæ w imprezie (np. na Auli) gdzie prowadzone by³by rozgrywki",TRUE,"League of legends, Counter-Strike: Global Offensive","Mia³bym/mia³abym czêœæ dru¿yny do League of legends, Mia³bym/mia³abym czêœæ dru¿yny do Counter-Strike: Global Offensive",Mê¿czyzna,20,"Matematyki, Informatyki i Mechaniki",TRUE
5/2/2017 18:50:58,Counter-Strike: Global Offensive,"Tak œledzê wyniki dru¿yn e-sportowych, Tak ogl¹dam livestreamy z rozgrywek",Chcia³bym/chcia³abym uczestniczyæ w imprezie (np. na Auli) gdzie prowadzone by³by rozgrywki,TRUE,Counter-Strike: Global Offensive,Mia³bym/mia³abym czêœæ dru¿yny do Counter-Strike: Global Offensive,Mê¿czyzna,20,"Matematyki, Informatyki i Mechaniki",FALSE
5/2/2017 19:34:33,Counter-Strike: Global Offensive,Tak œledzê wyniki dru¿yn e-sportowych,Chcia³bym/chcia³abym uczestniczyæ w imprezie (np. na Auli) gdzie prowadzone by³by rozgrywki,TRUE,Counter-Strike: Global Offensive,Mia³bym/mia³abym ca³¹ dru¿ynê do Counter-Strike: Global Offensive,Mê¿czyzna,20,"Matematyki, Informatyki i Mechaniki",FALSE
5/2/2017 19:35:30,"Dota 2, Paladins  ",Nie œledzê za czêsto wyników lub livestreamów z rozgrywek ale wiem co to esport,Chcia³bym/chcia³abym uczestniczyæ w imprezie (np. na Auli) gdzie prowadzone by³by rozgrywki,TRUE,Dota 2,Mia³bym/mia³abym ca³¹ dru¿ynê do Dota 2,Mê¿czyzna,20,"Matematyki, Informatyki i Mechaniki",FALSE
5/2/2017 19:40:32,Counter-Strike: Global Offensive,Tak œledzê wyniki dru¿yn e-sportowych,Chcia³bym/chcia³abym uczestniczyæ w imprezie (np. na Auli) gdzie prowadzone by³by rozgrywki,TRUE,Counter-Strike: Global Offensive,Mia³bym/mia³abym czêœæ dru¿yny do Counter-Strike: Global Offensive,Mê¿czyzna,20,"Matematyki, Informatyki i Mechaniki",TRUE
5/2/2017 20:58:08,Nie gram w nic regularnie,Nie interesuje siê e-sportem,Nie interesowa³oby mnie to,FALSE,Nie dotyczy,Nie dotyczy,Mê¿czyzna,20,"Matematyki, Informatyki i Mechaniki",FALSE
5/3/2017 10:16:04,Nie gram w nic regularnie,Nie interesuje siê e-sportem,Nie interesowa³oby mnie to,FALSE,Nie dotyczy,Nie dotyczy,Mê¿czyzna,20,"Matematyki, Informatyki i Mechaniki",FALSE
5/3/2017 14:24:55,World of Warcraft,Nie œledzê za czêsto wyników lub livestreamów z rozgrywek ale wiem co to esport,"Œledzi³bym/œledzi³abym wyniki, Ogl¹da³bym/ogl¹da³abym livestream z rozgrywek, Chcia³bym/chcia³abym uczestniczyæ w imprezie (np. na Auli) gdzie prowadzone by³by rozgrywki",TRUE,World of Warcraft,Mia³bym/mia³abym ca³¹ dru¿ynê do World of Warcraft,Mê¿czyzna,20,"Matematyki, Informatyki i Mechaniki",FALSE
5/3/2017 14:29:40,Heroes of the Storm,"Tak œledzê wyniki dru¿yn e-sportowych, Tak ogl¹dam livestreamy z rozgrywek","Ogl¹da³bym/ogl¹da³abym livestream z rozgrywek, Chcia³bym/chcia³abym uczestniczyæ w imprezie (np. na Auli) gdzie prowadzone by³by rozgrywki",TRUE,Heroes of the Storm,Nie mia³bym/mia³abym dru¿yny do Heros of the Storm,Mê¿czyzna,20,"Matematyki, Informatyki i Mechaniki",FALSE
5/3/2017 21:55:25,Nie gram w nic regularnie,"Nie œledzê za czêsto wyników lub livestreamów z rozgrywek ale wiem co to esport, Nie interesuje siê e-sportem",Nie interesowa³oby mnie to,FALSE,Nie dotyczy,Nie dotyczy,Mê¿czyzna,20,"Matematyki, Informatyki i Mechaniki",FALSE
5/3/2017 23:04:00,Nie gram w nic regularnie,Tak ogl¹dam livestreamy z rozgrywek,Œledzi³bym/œledzi³abym wyniki,TRUE,Nie dotyczy,Nie dotyczy,Mê¿czyzna,20,"Matematyki, Informatyki i Mechaniki",FALSE
5/4/2017 9:55:41,"Counter-Strike: Global Offensive, Starcraft 2","Tak œledzê wyniki dru¿yn e-sportowych, Tak ogl¹dam livestreamy z rozgrywek","Œledzi³bym/œledzi³abym wyniki, Ogl¹da³bym/ogl¹da³abym livestream z rozgrywek, Chcia³bym/chcia³abym uczestniczyæ w imprezie (np. na Auli) gdzie prowadzone by³by rozgrywki",TRUE,Starcraft 2,Nie mia³bym/mia³abym dru¿yny do Counter-Strike: Global Offensive,Mê¿czyzna,20,"Matematyki, Informatyki i Mechaniki",FALSE
5/5/2017 15:52:57,"Overwatch, League of legends, XCOM, Warhammer 40000: Dawn of War II","Tak œledzê wyniki dru¿yn e-sportowych, Tak ogl¹dam livestreamy z rozgrywek","Ogl¹da³bym/ogl¹da³abym livestream z rozgrywek, Chcia³bym/chcia³abym uczestniczyæ w imprezie (np. na Auli) gdzie prowadzone by³by rozgrywki",TRUE,"Overwatch, League of legends","Nie mia³bym/mia³abym dru¿yny do Overwatch, Nie mia³bym/mia³abym dru¿yny do League of legends",Mê¿czyzna,20,"Matematyki, Informatyki i Mechaniki",FALSE
5/7/2017 12:36:40,Counter-Strike: Global Offensive,Nie œledzê za czêsto wyników lub livestreamów z rozgrywek ale wiem co to esport,"Œledzi³bym/œledzi³abym wyniki, Chcia³bym/chcia³abym uczestniczyæ w imprezie (np. na Auli) gdzie prowadzone by³by rozgrywki",TRUE,Counter-Strike: Global Offensive,Mia³bym/mia³abym ca³¹ dru¿ynê do Counter-Strike: Global Offensive,Mê¿czyzna,20,"Matematyki, Informatyki i Mechaniki",FALSE
5/3/2017 14:33:15,Dota 2,"Tak œledzê wyniki dru¿yn e-sportowych, Tak ogl¹dam livestreamy z rozgrywek",Chcia³bym/chcia³abym uczestniczyæ w imprezie (np. na Auli) gdzie prowadzone by³by rozgrywki,TRUE,Dota 2,Mia³bym/mia³abym czêœæ dru¿yny do Dota 2,Mê¿czyzna,20,"Matematyki, Informatyki i Mechaniki",TRUE
5/2/2017 19:57:03,Nie gram w nic regularnie,Nie interesuje siê e-sportem,Nie interesowa³oby mnie to,FALSE,Nie dotyczy,Nie dotyczy,Kobieta,20,Nauk Ekonomicznych,FALSE
5/4/2017 14:29:09,League of legends,Tak ogl¹dam livestreamy z rozgrywek,Chcia³bym/chcia³abym uczestniczyæ w imprezie (np. na Auli) gdzie prowadzone by³by rozgrywki,TRUE,League of legends,Nie mia³bym/mia³abym dru¿yny do League of legends,Mê¿czyzna,20,Nauk Ekonomicznych,TRUE
5/4/2017 19:00:10,Overwatch,Nie interesuje siê e-sportem,"Œledzi³bym/œledzi³abym wyniki, Ogl¹da³bym/ogl¹da³abym livestream z rozgrywek, Chcia³bym/chcia³abym uczestniczyæ w imprezie (np. na Auli) gdzie prowadzone by³by rozgrywki",TRUE,Overwatch,Nie mia³bym/mia³abym dru¿yny do Overwatch,Mê¿czyzna,20,Nauk Ekonomicznych,FALSE
5/5/2017 0:57:39,Nie gram w nic regularnie,Tak ogl¹dam livestreamy z rozgrywek,Nie interesowa³oby mnie to,FALSE,League of legends,Mia³bym/mia³abym czêœæ dru¿yny do League of legends,Mê¿czyzna,20,Nauk Ekonomicznych,FALSE
5/7/2017 18:34:51,"Overwatch, Hearthstone",Nie œledzê za czêsto wyników lub livestreamów z rozgrywek ale wiem co to esport,Chcia³bym/chcia³abym uczestniczyæ w imprezie (np. na Auli) gdzie prowadzone by³by rozgrywki,TRUE,"Overwatch, Hearthstone",Nie mia³bym/mia³abym dru¿yny do Overwatch,Mê¿czyzna,20,Nauk Ekonomicznych,TRUE
5/7/2017 21:29:39,Counter-Strike: Global Offensive,Tak œledzê wyniki dru¿yn e-sportowych,"Œledzi³bym/œledzi³abym wyniki, Ogl¹da³bym/ogl¹da³abym livestream z rozgrywek, Chcia³bym/chcia³abym uczestniczyæ w imprezie (np. na Auli) gdzie prowadzone by³by rozgrywki",TRUE,"Overwatch, Counter-Strike: Global Offensive",Nie mia³bym/mia³abym dru¿yny do Counter-Strike: Global Offensive,Mê¿czyzna,20,Nauk Ekonomicznych,FALSE
5/7/2017 23:30:13,Nie gram w nic regularnie,Nie œledzê za czêsto wyników lub livestreamów z rozgrywek ale wiem co to esport,Ogl¹da³bym/ogl¹da³abym livestream z rozgrywek,FALSE,Nie dotyczy,Nie dotyczy,Kobieta,20,Nauk Ekonomicznych,FALSE
5/5/2017 17:44:03,Nie gram w nic regularnie,Nie interesuje siê e-sportem,Nie interesowa³oby mnie to,FALSE,Nie dotyczy,Nie dotyczy,Kobieta,20,Nauk Politycznych i Stosunków Miêdzynarodowych,FALSE
5/7/2017 0:29:43,Counter-Strike: Global Offensive,Tak ogl¹dam livestreamy z rozgrywek,Chcia³bym/chcia³abym uczestniczyæ w imprezie (np. na Auli) gdzie prowadzone by³by rozgrywki,TRUE,Counter-Strike: Global Offensive,Mia³bym/mia³abym ca³¹ dru¿ynê do Counter-Strike: Global Offensive,Mê¿czyzna,20,Nauk Politycznych i Stosunków Miêdzynarodowych,TRUE
5/8/2017 20:25:01,Nie gram w nic regularnie,Nie interesuje siê e-sportem,Nie interesowa³oby mnie to,TRUE,Nie dotyczy,Nie dotyczy,Mê¿czyzna,20,Nauk Politycznych i Stosunków Miêdzynarodowych,FALSE
5/7/2017 18:24:16,"Starcraft 2, The Elder Scrolls V: Skyrim",Nie œledzê za czêsto wyników lub livestreamów z rozgrywek ale wiem co to esport,Œledzi³bym/œledzi³abym wyniki,FALSE,Nie dotyczy,Nie dotyczy,Mê¿czyzna,20,Neofilologii,FALSE
5/4/2017 16:10:18,"WiedŸmin, Star Wars Battlefront",Nie œledzê za czêsto wyników lub livestreamów z rozgrywek ale wiem co to esport,Chcia³bym/chcia³abym uczestniczyæ w imprezie (np. na Auli) gdzie prowadzone by³by rozgrywki,FALSE,"WiedŸmin, Star Wars Battlefront",Nie dotyczy,Kobieta,20,Instytut Anglistyki,TRUE
5/5/2017 7:33:31,League of legends,"Tak œledzê wyniki dru¿yn e-sportowych, Tak ogl¹dam livestreamy z rozgrywek","Œledzi³bym/œledzi³abym wyniki, Ogl¹da³bym/ogl¹da³abym livestream z rozgrywek, Chcia³bym/chcia³abym uczestniczyæ w imprezie (np. na Auli) gdzie prowadzone by³by rozgrywki",TRUE,League of legends,Mia³bym/mia³abym czêœæ dru¿yny do League of legends,Mê¿czyzna,20,Oœrodek Studiów Amerykañskich,TRUE
5/7/2017 18:21:18,Gwint,Nie œledzê za czêsto wyników lub livestreamów z rozgrywek ale wiem co to esport,"Œledzi³bym/œledzi³abym wyniki, Ogl¹da³bym/ogl¹da³abym livestream z rozgrywek",TRUE,Gwint,Nie dotyczy,Mê¿czyzna,20,Polonistyki,FALSE
5/5/2017 13:01:45,Nie gram w nic regularnie,Nie interesuje siê e-sportem,Nie interesowa³oby mnie to,FALSE,Nie dotyczy,Nie dotyczy,Mê¿czyzna,20,Prawa i Administracji,FALSE
5/7/2017 18:12:31,Counter-Strike: Global Offensive,"Tak œledzê wyniki dru¿yn e-sportowych, Tak ogl¹dam livestreamy z rozgrywek",Nie interesowa³oby mnie to,FALSE,Counter-Strike: Global Offensive,Nie mia³bym/mia³abym dru¿yny do Counter-Strike: Global Offensive,Mê¿czyzna,20,Prawa i Administracji,FALSE
5/4/2017 9:05:12,Nie gram w nic regularnie,Nie interesuje siê e-sportem,Nie interesowa³oby mnie to,FALSE,Nie dotyczy,Nie dotyczy,Kobieta,20,Psychologii,FALSE
5/4/2017 14:14:44,Nie gram w nic regularnie,Nie interesuje siê e-sportem,Chcia³bym/chcia³abym uczestniczyæ w imprezie (np. na Auli) gdzie prowadzone by³by rozgrywki,TRUE,Nie dotyczy,Nie dotyczy,Kobieta,20,Psychologii,FALSE
5/5/2017 2:37:07,"Overwatch, Counter-Strike: Global Offensive","Tak œledzê wyniki dru¿yn e-sportowych, Tak ogl¹dam livestreamy z rozgrywek","Œledzi³bym/œledzi³abym wyniki, Ogl¹da³bym/ogl¹da³abym livestream z rozgrywek, Chcia³bym/chcia³abym uczestniczyæ w imprezie (np. na Auli) gdzie prowadzone by³by rozgrywki",TRUE,"Overwatch, Counter-Strike: Global Offensive","Mia³bym/mia³abym czêœæ dru¿yny do Overwatch, Nie mia³bym/mia³abym dru¿yny do Counter-Strike: Global Offensive",Mê¿czyzna,20,Psychologii,TRUE
5/5/2017 7:19:59,Nie gram w nic regularnie,Nie wiem co to e-sport,Nie interesowa³oby mnie to,FALSE,Nie dotyczy,Nie dotyczy,Kobieta,20,Psychologii,FALSE
5/5/2017 13:37:24,"Hearthstone, World of Warcraft, Gwint",Tak ogl¹dam livestreamy z rozgrywek,"Œledzi³bym/œledzi³abym wyniki, Ogl¹da³bym/ogl¹da³abym livestream z rozgrywek, Chcia³bym/chcia³abym uczestniczyæ w imprezie (np. na Auli) gdzie prowadzone by³by rozgrywki",TRUE,"Hearthstone, Gwint",Nie dotyczy,Mê¿czyzna,20,Psychologii,TRUE
5/2/2017 18:06:04,"Hearthstone, League of legends, Counter-Strike: Global Offensive",Tak ogl¹dam livestreamy z rozgrywek,Chcia³bym/chcia³abym uczestniczyæ w imprezie (np. na Auli) gdzie prowadzone by³by rozgrywki,TRUE,"League of legends, Counter-Strike: Global Offensive","Mia³bym/mia³abym ca³¹ dru¿ynê do League of legends, Mia³bym/mia³abym ca³¹ dru¿ynê do Counter-Strike: Global Offensive",Mê¿czyzna,20,Zarz¹dzania,FALSE
5/2/2017 18:42:02,Nie gram w nic regularnie,Nie œledzê za czêsto wyników lub livestreamów z rozgrywek ale wiem co to esport,Chcia³bym/chcia³abym uczestniczyæ w imprezie (np. na Auli) gdzie prowadzone by³by rozgrywki,TRUE,FIFA,"Mia³bym/mia³abym ca³¹ dru¿ynê do League of legends, Mia³bym/mia³abym ca³¹ dru¿ynê do Counter-Strike: Global Offensive",Mê¿czyzna,20,Zarz¹dzania,TRUE
5/2/2017 19:11:19,"League of legends, Counter-Strike: Global Offensive",Tak œledzê wyniki dru¿yn e-sportowych,Chcia³bym/chcia³abym uczestniczyæ w imprezie (np. na Auli) gdzie prowadzone by³by rozgrywki,TRUE,"League of legends, Counter-Strike: Global Offensive","Mia³bym/mia³abym czêœæ dru¿yny do League of legends, Mia³bym/mia³abym czêœæ dru¿yny do Counter-Strike: Global Offensive",Mê¿czyzna,20,Zarz¹dzania,FALSE
5/2/2017 20:20:55,"Overwatch, League of legends, Counter-Strike: Global Offensive",Nie œledzê za czêsto wyników lub livestreamów z rozgrywek ale wiem co to esport,Œledzi³bym/œledzi³abym wyniki,FALSE,"League of legends, Counter-Strike: Global Offensive","Mia³bym/mia³abym czêœæ dru¿yny do Overwatch, Mia³bym/mia³abym czêœæ dru¿yny do League of legends, Mia³bym/mia³abym czêœæ dru¿yny do Counter-Strike: Global Offensive",Kobieta,20,Zarz¹dzania,TRUE
5/2/2017 20:25:00,Hearthstone,"Tak œledzê wyniki dru¿yn e-sportowych, Tak ogl¹dam livestreamy z rozgrywek","Œledzi³bym/œledzi³abym wyniki, Ogl¹da³bym/ogl¹da³abym livestream z rozgrywek",TRUE,Hearthstone,Nie dotyczy,Mê¿czyzna,20,Zarz¹dzania,TRUE
5/2/2017 20:57:23,Hearthstone,Tak ogl¹dam livestreamy z rozgrywek,Chcia³bym/chcia³abym uczestniczyæ w imprezie (np. na Auli) gdzie prowadzone by³by rozgrywki,TRUE,"Hearthstone, League of legends",Mia³bym/mia³abym czêœæ dru¿yny do League of legends,Mê¿czyzna,20,Zarz¹dzania,TRUE
5/2/2017 21:54:42,"League of legends, Call of Duty, FIFA, Mortal Kombat",Nie œledzê za czêsto wyników lub livestreamów z rozgrywek ale wiem co to esport,Chcia³bym/chcia³abym uczestniczyæ w imprezie (np. na Auli) gdzie prowadzone by³by rozgrywki,TRUE,"League of legends, Call of Duty, FIFA, Mortal Kombat",Mia³bym/mia³abym czêœæ dru¿yny do League of legends,Mê¿czyzna,20,Zarz¹dzania,FALSE
5/2/2017 22:04:56,Nie gram w nic regularnie,Nie œledzê za czêsto wyników lub livestreamów z rozgrywek ale wiem co to esport,Chcia³bym/chcia³abym uczestniczyæ w imprezie (np. na Auli) gdzie prowadzone by³by rozgrywki,TRUE,"League of legends, Counter-Strike: Global Offensive","Mia³bym/mia³abym czêœæ dru¿yny do League of legends, Mia³bym/mia³abym czêœæ dru¿yny do Counter-Strike: Global Offensive",Mê¿czyzna,20,Zarz¹dzania,FALSE
5/2/2017 22:07:08,Gwint,Nie œledzê za czêsto wyników lub livestreamów z rozgrywek ale wiem co to esport,"Œledzi³bym/œledzi³abym wyniki, Ogl¹da³bym/ogl¹da³abym livestream z rozgrywek",TRUE,"Hearthstone, Gwint",Nie dotyczy,Mê¿czyzna,20,Zarz¹dzania,FALSE
5/2/2017 22:48:24,"League of legends, Counter-Strike: Global Offensive","Tak œledzê wyniki dru¿yn e-sportowych, Tak ogl¹dam livestreamy z rozgrywek","Œledzi³bym/œledzi³abym wyniki, Ogl¹da³bym/ogl¹da³abym livestream z rozgrywek, Chcia³bym/chcia³abym uczestniczyæ w imprezie (np. na Auli) gdzie prowadzone by³by rozgrywki",TRUE,League of legends,Mia³bym/mia³abym czêœæ dru¿yny do League of legends,Mê¿czyzna,20,Zarz¹dzania,TRUE
5/2/2017 23:24:16,Nie gram w nic regularnie,Nie œledzê za czêsto wyników lub livestreamów z rozgrywek ale wiem co to esport,Nie interesowa³oby mnie to,FALSE,Nie dotyczy,Nie dotyczy,Kobieta,20,Zarz¹dzania,FALSE
5/3/2017 6:05:57,Counter-Strike: Global Offensive,Tak œledzê wyniki dru¿yn e-sportowych,Chcia³bym/chcia³abym uczestniczyæ w imprezie (np. na Auli) gdzie prowadzone by³by rozgrywki,TRUE,Counter-Strike: Global Offensive,Mia³bym/mia³abym ca³¹ dru¿ynê do Counter-Strike: Global Offensive,Mê¿czyzna,20,Zarz¹dzania,TRUE
5/3/2017 22:21:17,FIFA,Nie œledzê za czêsto wyników lub livestreamów z rozgrywek ale wiem co to esport,Chcia³bym/chcia³abym uczestniczyæ w imprezie (np. na Auli) gdzie prowadzone by³by rozgrywki,TRUE,FIFA,Nie dotyczy,Mê¿czyzna,20,Zarz¹dzania,FALSE
5/4/2017 7:48:26,Nie gram w nic regularnie,Nie wiem co to e-sport,Nie interesowa³oby mnie to,FALSE,Nie dotyczy,Nie dotyczy,Mê¿czyzna,20,Zarz¹dzania,FALSE
5/4/2017 15:10:10,Nie gram w nic regularnie,Nie interesuje siê e-sportem,Nie interesowa³oby mnie to,TRUE,Nie dotyczy,Nie dotyczy,Mê¿czyzna,20,Zarz¹dzania,FALSE
5/6/2017 19:01:54,League of legends,"Tak œledzê wyniki dru¿yn e-sportowych, Tak ogl¹dam livestreamy z rozgrywek",Chcia³bym/chcia³abym uczestniczyæ w imprezie (np. na Auli) gdzie prowadzone by³by rozgrywki,TRUE,League of legends,"Mia³bym/mia³abym czêœæ dru¿yny do League of legends, Nie mia³bym/mia³abym dru¿yny do League of legends",Mê¿czyzna,20,Zarz¹dzania,FALSE
5/8/2017 20:21:24,League of legends,Nie œledzê za czêsto wyników lub livestreamów z rozgrywek ale wiem co to esport,Chcia³bym/chcia³abym uczestniczyæ w imprezie (np. na Auli) gdzie prowadzone by³by rozgrywki,FALSE,Nie dotyczy,Nie dotyczy,Mê¿czyzna,20,Zarz¹dzania,TRUE
5/8/2017 20:30:54,"Battlefield, WiedŸmin, Call of Duty, NFS",Nie œledzê za czêsto wyników lub livestreamów z rozgrywek ale wiem co to esport,Chcia³bym/chcia³abym uczestniczyæ w imprezie (np. na Auli) gdzie prowadzone by³by rozgrywki,TRUE,"Counter-Strike: Global Offensive, Battlefield",Nie mia³bym/mia³abym dru¿yny do Counter-Strike: Global Offensive,Mê¿czyzna,20,Zarz¹dzania,TRUE
5/5/2017 15:48:38,"Counter-Strike: Global Offensive, FIFA",Tak œledzê wyniki dru¿yn e-sportowych,Chcia³bym/chcia³abym uczestniczyæ w imprezie (np. na Auli) gdzie prowadzone by³by rozgrywki,TRUE,"Counter-Strike: Global Offensive, FIFA",Mia³bym/mia³abym czêœæ dru¿yny do Counter-Strike: Global Offensive,Mê¿czyzna,21,Dziennikarstwa i Nauk Politycznych,TRUE
5/8/2017 0:09:02,League of legends,Tak ogl¹dam livestreamy z rozgrywek,Ogl¹da³bym/ogl¹da³abym livestream z rozgrywek,FALSE,Nie dotyczy,Nie dotyczy,Kobieta,21,"Dziennikarstwa, Informacji i Bibliologii",FALSE
5/5/2017 17:04:20,Heroes of the Storm,"Tak œledzê wyniki dru¿yn e-sportowych, Tak ogl¹dam livestreamy z rozgrywek","Œledzi³bym/œledzi³abym wyniki, Ogl¹da³bym/ogl¹da³abym livestream z rozgrywek, Chcia³bym/chcia³abym uczestniczyæ w imprezie (np. na Auli) gdzie prowadzone by³by rozgrywki",TRUE,Heroes of the Storm,Nie mia³bym/mia³abym dru¿yny do Heros of the Storm,Kobieta,21,"Dziennikarstwa, Informacji i Bibliologii",TRUE
5/7/2017 18:24:03,Nie gram w nic regularnie,Nie wiem co to e-sport,Nie interesowa³oby mnie to,FALSE,Nie dotyczy,Nie dotyczy,Kobieta,21,Filozofii i Socjologii,FALSE
5/4/2017 15:14:46,Counter-Strike: Global Offensive,Nie œledzê za czêsto wyników lub livestreamów z rozgrywek ale wiem co to esport,Ogl¹da³bym/ogl¹da³abym livestream z rozgrywek,TRUE,Counter-Strike: Global Offensive,Nie mia³bym/mia³abym dru¿yny do Counter-Strike: Global Offensive,Mê¿czyzna,21,Fizyki,FALSE
5/4/2017 14:07:09,League of legends,"Tak œledzê wyniki dru¿yn e-sportowych, Tak ogl¹dam livestreamy z rozgrywek","Œledzi³bym/œledzi³abym wyniki, Ogl¹da³bym/ogl¹da³abym livestream z rozgrywek, Chcia³bym/chcia³abym uczestniczyæ w imprezie (np. na Auli) gdzie prowadzone by³by rozgrywki",TRUE,League of legends,Mia³bym/mia³abym czêœæ dru¿yny do League of legends,Kobieta,21,Lingwistyki Stosowanej,TRUE
5/4/2017 16:24:02,TrackMania Nations Forever,Nie interesuje siê e-sportem,Chcia³bym/chcia³abym uczestniczyæ w imprezie (np. na Auli) gdzie prowadzone by³by rozgrywki,TRUE,TrackMania Nations Forever,Nie dotyczy,Mê¿czyzna,21,Lingwistyki Stosowanej,FALSE
5/2/2017 18:10:32,Nie gram w nic regularnie,Nie interesuje siê e-sportem,Nie interesowa³oby mnie to,TRUE,Nie dotyczy,Nie dotyczy,Kobieta,21,"Matematyki, Informatyki i Mechaniki",FALSE
5/2/2017 18:39:23,Hearthstone,Nie œledzê za czêsto wyników lub livestreamów z rozgrywek ale wiem co to esport,Œledzi³bym/œledzi³abym wyniki,FALSE,Nie dotyczy,Nie dotyczy,Mê¿czyzna,21,"Matematyki, Informatyki i Mechaniki",FALSE
5/2/2017 18:44:14,Nie gram w nic regularnie,Nie interesuje siê e-sportem,Nie interesowa³oby mnie to,FALSE,Nie dotyczy,Nie dotyczy,Mê¿czyzna,21,"Matematyki, Informatyki i Mechaniki",FALSE
5/2/2017 19:37:34,"Overwatch, Hearthstone",Nie œledzê za czêsto wyników lub livestreamów z rozgrywek ale wiem co to esport,Chcia³bym/chcia³abym uczestniczyæ w imprezie (np. na Auli) gdzie prowadzone by³by rozgrywki,TRUE,"Overwatch, Hearthstone",Mia³bym/mia³abym ca³¹ dru¿ynê do Overwatch,Mê¿czyzna,21,"Matematyki, Informatyki i Mechaniki",TRUE
5/2/2017 19:44:56,"League of legends, Counter-Strike: Global Offensive",Tak ogl¹dam livestreamy z rozgrywek,"Œledzi³bym/œledzi³abym wyniki, Ogl¹da³bym/ogl¹da³abym livestream z rozgrywek, Chcia³bym/chcia³abym uczestniczyæ w imprezie (np. na Auli) gdzie prowadzone by³by rozgrywki",TRUE,"League of legends, Counter-Strike: Global Offensive","Mia³bym/mia³abym ca³¹ dru¿ynê do League of legends, Mia³bym/mia³abym ca³¹ dru¿ynê do Counter-Strike: Global Offensive",Mê¿czyzna,21,"Matematyki, Informatyki i Mechaniki",TRUE
5/2/2017 23:54:12,Overwatch,Nie œledzê za czêsto wyników lub livestreamów z rozgrywek ale wiem co to esport,Chcia³bym/chcia³abym uczestniczyæ w imprezie (np. na Auli) gdzie prowadzone by³by rozgrywki,TRUE,Overwatch,Mia³bym/mia³abym czêœæ dru¿yny do Overwatch,Mê¿czyzna,21,"Matematyki, Informatyki i Mechaniki",TRUE
5/3/2017 10:25:15,Factorio,Nie œledzê za czêsto wyników lub livestreamów z rozgrywek ale wiem co to esport,Œledzi³bym/œledzi³abym wyniki,FALSE,Nie dotyczy,Nie dotyczy,Mê¿czyzna,21,"Matematyki, Informatyki i Mechaniki",FALSE
5/5/2017 8:25:25,Rocket League,Tak ogl¹dam livestreamy z rozgrywek,"Œledzi³bym/œledzi³abym wyniki, Ogl¹da³bym/ogl¹da³abym livestream z rozgrywek, Chcia³bym/chcia³abym uczestniczyæ w imprezie (np. na Auli) gdzie prowadzone by³by rozgrywki",TRUE,Rocket League,Mia³bym/mia³abym ca³¹ dru¿ynê do Rocket League,Mê¿czyzna,21,"Matematyki, Informatyki i Mechaniki",TRUE
5/6/2017 16:54:15,Hearthstone,Tak ogl¹dam livestreamy z rozgrywek,"Œledzi³bym/œledzi³abym wyniki, Ogl¹da³bym/ogl¹da³abym livestream z rozgrywek, Chcia³bym/chcia³abym uczestniczyæ w imprezie (np. na Auli) gdzie prowadzone by³by rozgrywki",TRUE,Hearthstone,Nie dotyczy,Mê¿czyzna,21,"Matematyki, Informatyki i Mechaniki",FALSE
5/4/2017 22:08:06,"Hearthstone, League of legends",Nie œledzê za czêsto wyników lub livestreamów z rozgrywek ale wiem co to esport,"Ogl¹da³bym/ogl¹da³abym livestream z rozgrywek, Chcia³bym/chcia³abym uczestniczyæ w imprezie (np. na Auli) gdzie prowadzone by³by rozgrywki",TRUE,"Hearthstone, League of legends",Nie mia³bym/mia³abym dru¿yny do League of legends,Mê¿czyzna,21,Miêdzywydzia³owe Indywidualne Studia Matematyczno-Przyrodnicze,FALSE
5/2/2017 20:29:14,"Hearthstone, League of legends",Tak œledzê wyniki dru¿yn e-sportowych,"Œledzi³bym/œledzi³abym wyniki, Chcia³bym/chcia³abym uczestniczyæ w imprezie (np. na Auli) gdzie prowadzone by³by rozgrywki",TRUE,League of legends,Nie mia³bym/mia³abym dru¿yny do League of legends,Mê¿czyzna,21,Nauk Ekonomicznych,TRUE
5/4/2017 18:11:08,Nie gram w nic regularnie,Nie œledzê za czêsto wyników lub livestreamów z rozgrywek ale wiem co to esport,Nie interesowa³oby mnie to,FALSE,"Overwatch, Counter-Strike: Global Offensive",Nie dotyczy,Kobieta,21,Nauk Ekonomicznych,FALSE
5/7/2017 0:38:08,"Hearthstone, FIFA",Tak ogl¹dam livestreamy z rozgrywek,Chcia³bym/chcia³abym uczestniczyæ w imprezie (np. na Auli) gdzie prowadzone by³by rozgrywki,TRUE,"Hearthstone, FIFA",Nie dotyczy,Mê¿czyzna,21,Nauk Ekonomicznych,FALSE
5/7/2017 20:07:29,"Overwatch, Hearthstone",Nie œledzê za czêsto wyników lub livestreamów z rozgrywek ale wiem co to esport,Chcia³bym/chcia³abym uczestniczyæ w imprezie (np. na Auli) gdzie prowadzone by³by rozgrywki,TRUE,"Hearthstone, League of legends","Mia³bym/mia³abym ca³¹ dru¿ynê do Overwatch, Mia³bym/mia³abym ca³¹ dru¿ynê do League of legends",Mê¿czyzna,21,Nauk Ekonomicznych,TRUE
5/7/2017 20:34:08,"Counter-Strike: Global Offensive, Gran Turismo, Assetto Corsa",Nie œledzê za czêsto wyników lub livestreamów z rozgrywek ale wiem co to esport,Chcia³bym/chcia³abym uczestniczyæ w imprezie (np. na Auli) gdzie prowadzone by³by rozgrywki,TRUE,"Counter-Strike: Global Offensive, Gran Turismo, Assetto Corsa",Nie mia³bym/mia³abym dru¿yny do Counter-Strike: Global Offensive,Mê¿czyzna,21,Nauk Ekonomicznych,TRUE
5/5/2017 15:41:52,"Overwatch, Hearthstone, Counter-Strike: Global Offensive","Tak œledzê wyniki dru¿yn e-sportowych, Tak ogl¹dam livestreamy z rozgrywek",Chcia³bym/chcia³abym uczestniczyæ w imprezie (np. na Auli) gdzie prowadzone by³by rozgrywki,TRUE,"Overwatch, Counter-Strike: Global Offensive","Nie mia³bym/mia³abym dru¿yny do Overwatch, Mia³bym/mia³abym ca³¹ dru¿ynê do Counter-Strike: Global Offensive",Mê¿czyzna,21,Nauk Politycznych i Stosunków Miêdzynarodowych,TRUE
5/5/2017 17:19:30,"Overwatch, Hearthstone, Dota 2, Diablo III",Tak ogl¹dam livestreamy z rozgrywek,"Œledzi³bym/œledzi³abym wyniki, Ogl¹da³bym/ogl¹da³abym livestream z rozgrywek, Chcia³bym/chcia³abym uczestniczyæ w imprezie (np. na Auli) gdzie prowadzone by³by rozgrywki",FALSE,"Overwatch, Hearthstone",Mia³bym/mia³abym czêœæ dru¿yny do Overwatch,Kobieta,21,Nauk Politycznych i Stosunków Miêdzynarodowych,TRUE
5/7/2017 0:44:33,"FIFA, Tom Clancy’s Rainbow Six Siege",Nie œledzê za czêsto wyników lub livestreamów z rozgrywek ale wiem co to esport,Chcia³bym/chcia³abym uczestniczyæ w imprezie (np. na Auli) gdzie prowadzone by³by rozgrywki,TRUE,"FIFA, Tom Clancy’s Rainbow Six Siege",Mia³bym/mia³abym czêœæ dru¿yny do Tom Clancy’s Rainbow Six Siege,Mê¿czyzna,21,Nauk Politycznych i Stosunków Miêdzynarodowych,TRUE
5/8/2017 15:14:26,Counter-Strike: Global Offensive,Nie œledzê za czêsto wyników lub livestreamów z rozgrywek ale wiem co to esport,Ogl¹da³bym/ogl¹da³abym livestream z rozgrywek,FALSE,Nie dotyczy,Nie dotyczy,Mê¿czyzna,21,Nauk Politycznych i Stosunków Miêdzynarodowych,FALSE
5/4/2017 21:27:33,Overwatch,Tak ogl¹dam livestreamy z rozgrywek,Chcia³bym/chcia³abym uczestniczyæ w imprezie (np. na Auli) gdzie prowadzone by³by rozgrywki,TRUE,Overwatch,Nie mia³bym/mia³abym dru¿yny do Overwatch,Mê¿czyzna,21,Oœrodek Studiów Amerykañskich,TRUE
5/7/2017 19:27:06,Nie gram w nic regularnie,Nie wiem co to e-sport,Nie interesowa³oby mnie to,FALSE,Nie dotyczy,Nie dotyczy,Kobieta,21,Pedagogiczny,FALSE
5/4/2017 23:01:55,"FIFA, F1 2016, NHL",Nie œledzê za czêsto wyników lub livestreamów z rozgrywek ale wiem co to esport,Chcia³bym/chcia³abym uczestniczyæ w imprezie (np. na Auli) gdzie prowadzone by³by rozgrywki,TRUE,"FIFA, F1 2016",Nie dotyczy,Mê¿czyzna,21,Prawa i Administracji,FALSE
5/5/2017 11:36:33,Heroes of the Storm,"Tak œledzê wyniki dru¿yn e-sportowych, Tak ogl¹dam livestreamy z rozgrywek","Œledzi³bym/œledzi³abym wyniki, Ogl¹da³bym/ogl¹da³abym livestream z rozgrywek",FALSE,Nie dotyczy,Nie dotyczy,Mê¿czyzna,21,Prawa i Administracji,FALSE
5/7/2017 18:08:33,League of legends,Tak ogl¹dam livestreamy z rozgrywek,"Œledzi³bym/œledzi³abym wyniki, Ogl¹da³bym/ogl¹da³abym livestream z rozgrywek, Chcia³bym/chcia³abym uczestniczyæ w imprezie (np. na Auli) gdzie prowadzone by³by rozgrywki",TRUE,League of legends,Mia³bym/mia³abym czêœæ dru¿yny do League of legends,Mê¿czyzna,21,Prawa i Administracji,TRUE
5/7/2017 22:59:44,PES,Nie interesuje siê e-sportem,Chcia³bym/chcia³abym uczestniczyæ w imprezie (np. na Auli) gdzie prowadzone by³by rozgrywki,TRUE,PES,Nie dotyczy,Mê¿czyzna,21,Prawa i Administracji,TRUE
5/4/2017 9:17:53,Nie gram w nic regularnie,Nie interesuje siê e-sportem,Nie interesowa³oby mnie to,FALSE,Nie dotyczy,Nie dotyczy,Mê¿czyzna,21,Psychologii,FALSE
5/4/2017 18:22:30,"Hearthstone, League of legends, Counter-Strike: Global Offensive, Call of Duty, Battlefield, FIFA",Tak ogl¹dam livestreamy z rozgrywek,Chcia³bym/chcia³abym uczestniczyæ w imprezie (np. na Auli) gdzie prowadzone by³by rozgrywki,TRUE,"Call of Duty, Battlefield","Nie mia³bym/mia³abym dru¿yny do Call of Duty, Nie mia³bym/mia³abym dru¿yny do Battlefield",Mê¿czyzna,21,Psychologii,FALSE
5/4/2017 19:53:49,League of legends,"Tak œledzê wyniki dru¿yn e-sportowych, Tak ogl¹dam livestreamy z rozgrywek","Œledzi³bym/œledzi³abym wyniki, Chcia³bym/chcia³abym uczestniczyæ w imprezie (np. na Auli) gdzie prowadzone by³by rozgrywki",TRUE,League of legends,Mia³bym/mia³abym czêœæ dru¿yny do League of legends,Mê¿czyzna,21,Psychologii,TRUE
5/7/2017 22:38:05,"Counter-Strike: Global Offensive, H1Z1: King of the Kill","Tak œledzê wyniki dru¿yn e-sportowych, Tak ogl¹dam livestreamy z rozgrywek","Œledzi³bym/œledzi³abym wyniki, Ogl¹da³bym/ogl¹da³abym livestream z rozgrywek, Chcia³bym/chcia³abym uczestniczyæ w imprezie (np. na Auli) gdzie prowadzone by³by rozgrywki",TRUE,H1Z1: King of the Kill,Mia³bym/mia³abym ca³¹ dru¿ynê do H1Z1: King of the Kill,Mê¿czyzna,21,Stosowanych Nauk Spo³ecznych i Resocjalizacji,FALSE
5/7/2017 18:06:21,"Overwatch, Hearthstone, Team Fortress 2",Nie œledzê za czêsto wyników lub livestreamów z rozgrywek ale wiem co to esport,Chcia³bym/chcia³abym uczestniczyæ w imprezie (np. na Auli) gdzie prowadzone by³by rozgrywki,TRUE,"Team Fortress 2, Tekken Tag Tournament 2","Nie mia³bym/mia³abym dru¿yny do Team Fortress 2, Nie mia³bym/mia³abym dru¿yny do Tekken Tag Tournament 2",Mê¿czyzna,21,Uniwersyteckie Kolegium Kszta³cenia Nauczycieli Jêzyka Angielskiego,FALSE
5/2/2017 17:59:32,League of legends,Tak ogl¹dam livestreamy z rozgrywek,Chcia³bym/chcia³abym uczestniczyæ w imprezie (np. na Auli) gdzie prowadzone by³by rozgrywki,TRUE,League of legends,Mia³bym/mia³abym ca³¹ dru¿ynê do League of legends,Mê¿czyzna,21,Zarz¹dzania,FALSE
5/2/2017 18:44:09,"Hearthstone, League of legends, Counter-Strike: Global Offensive","Tak ogl¹dam livestreamy z rozgrywek, Nie œledzê za czêsto wyników lub livestreamów z rozgrywek ale wiem co to esport","Œledzi³bym/œledzi³abym wyniki, Ogl¹da³bym/ogl¹da³abym livestream z rozgrywek, Chcia³bym/chcia³abym uczestniczyæ w imprezie (np. na Auli) gdzie prowadzone by³by rozgrywki",TRUE,"League of legends, Counter-Strike: Global Offensive","Mia³bym/mia³abym ca³¹ dru¿ynê do League of legends, Mia³bym/mia³abym ca³¹ dru¿ynê do Counter-Strike: Global Offensive",Mê¿czyzna,21,Zarz¹dzania,TRUE
5/2/2017 18:49:19,Overwatch,Nie œledzê za czêsto wyników lub livestreamów z rozgrywek ale wiem co to esport,"Ogl¹da³bym/ogl¹da³abym livestream z rozgrywek, Chcia³bym/chcia³abym uczestniczyæ w imprezie (np. na Auli) gdzie prowadzone by³by rozgrywki",TRUE,Overwatch,Nie mia³bym/mia³abym dru¿yny do Overwatch,Mê¿czyzna,21,Zarz¹dzania,FALSE
5/2/2017 19:03:31,"Hearthstone, League of legends",Tak ogl¹dam livestreamy z rozgrywek,Chcia³bym/chcia³abym uczestniczyæ w imprezie (np. na Auli) gdzie prowadzone by³by rozgrywki,TRUE,"Hearthstone, League of legends",Mia³bym/mia³abym ca³¹ dru¿ynê do League of legends,Mê¿czyzna,21,Zarz¹dzania,FALSE
5/2/2017 20:39:07,Hearthstone,Nie œledzê za czêsto wyników lub livestreamów z rozgrywek ale wiem co to esport,"Œledzi³bym/œledzi³abym wyniki, Ogl¹da³bym/ogl¹da³abym livestream z rozgrywek, Chcia³bym/chcia³abym uczestniczyæ w imprezie (np. na Auli) gdzie prowadzone by³by rozgrywki",FALSE,Nie dotyczy,Nie dotyczy,Mê¿czyzna,21,Zarz¹dzania,TRUE
5/2/2017 22:40:42,Counter-Strike: Global Offensive,Tak ogl¹dam livestreamy z rozgrywek,Chcia³bym/chcia³abym uczestniczyæ w imprezie (np. na Auli) gdzie prowadzone by³by rozgrywki,TRUE,Counter-Strike: Global Offensive,Mia³bym/mia³abym czêœæ dru¿yny do Counter-Strike: Global Offensive,Mê¿czyzna,21,Zarz¹dzania,TRUE
5/2/2017 23:34:43,Nie gram w nic regularnie,Nie interesuje siê e-sportem,Chcia³bym/chcia³abym uczestniczyæ w imprezie (np. na Auli) gdzie prowadzone by³by rozgrywki,FALSE,Nie dotyczy,Nie dotyczy,Mê¿czyzna,21,Zarz¹dzania,FALSE
5/3/2017 20:25:37,"League of legends, Counter-Strike: Global Offensive",Tak ogl¹dam livestreamy z rozgrywek,Chcia³bym/chcia³abym uczestniczyæ w imprezie (np. na Auli) gdzie prowadzone by³by rozgrywki,TRUE,"League of legends, Counter-Strike: Global Offensive","Mia³bym/mia³abym czêœæ dru¿yny do League of legends, Mia³bym/mia³abym czêœæ dru¿yny do Counter-Strike: Global Offensive",Mê¿czyzna,21,Zarz¹dzania,TRUE
5/7/2017 22:03:56,Counter-Strike: Global Offensive,"Tak œledzê wyniki dru¿yn e-sportowych, Tak ogl¹dam livestreamy z rozgrywek",Chcia³bym/chcia³abym uczestniczyæ w imprezie (np. na Auli) gdzie prowadzone by³by rozgrywki,TRUE,Counter-Strike: Global Offensive,Mia³bym/mia³abym czêœæ dru¿yny do Counter-Strike: Global Offensive,Mê¿czyzna,21,Zarz¹dzania,TRUE
5/8/2017 20:16:40,"Overwatch, Hearthstone, League of legends",Nie œledzê za czêsto wyników lub livestreamów z rozgrywek ale wiem co to esport,"Œledzi³bym/œledzi³abym wyniki, Ogl¹da³bym/ogl¹da³abym livestream z rozgrywek, Chcia³bym/chcia³abym uczestniczyæ w imprezie (np. na Auli) gdzie prowadzone by³by rozgrywki",TRUE,"Hearthstone, League of legends",Mia³bym/mia³abym czêœæ dru¿yny do League of legends,Mê¿czyzna,21,Zarz¹dzania,FALSE
5/7/2017 18:36:37,Nie gram w nic regularnie,Nie interesuje siê e-sportem,Nie interesowa³oby mnie to,FALSE,FIFA,Nie dotyczy,Mê¿czyzna,22,Centrum Studiów Latynoamerykañskich ,FALSE
5/4/2017 22:03:46,League of legends,Nie œledzê za czêsto wyników lub livestreamów z rozgrywek ale wiem co to esport,Chcia³bym/chcia³abym uczestniczyæ w imprezie (np. na Auli) gdzie prowadzone by³by rozgrywki,TRUE,League of legends,Nie mia³bym/mia³abym dru¿yny do League of legends,Mê¿czyzna,22,Chemii,FALSE
5/6/2017 14:29:12,"Counter-Strike: Global Offensive, Rocket League","Tak œledzê wyniki dru¿yn e-sportowych, Tak ogl¹dam livestreamy z rozgrywek",Chcia³bym/chcia³abym uczestniczyæ w imprezie (np. na Auli) gdzie prowadzone by³by rozgrywki,TRUE,"Counter-Strike: Global Offensive, Rocket League","Mia³bym/mia³abym czêœæ dru¿yny do Counter-Strike: Global Offensive, Mia³bym/mia³abym czêœæ dru¿yny do Rocket League",Mê¿czyzna,22,"Dziennikarstwa, Informacji i Bibliologii",TRUE
5/6/2017 14:41:01,"Rocket League, Tom Clancy’s Rainbow Six Siege",Tak ogl¹dam livestreamy z rozgrywek,"Œledzi³bym/œledzi³abym wyniki, Ogl¹da³bym/ogl¹da³abym livestream z rozgrywek, Chcia³bym/chcia³abym uczestniczyæ w imprezie (np. na Auli) gdzie prowadzone by³by rozgrywki",TRUE,"League of legends, Counter-Strike: Global Offensive, Rocket League","Mia³bym/mia³abym ca³¹ dru¿ynê do League of legends, Mia³bym/mia³abym czêœæ dru¿yny do Counter-Strike: Global Offensive",Mê¿czyzna,22,"Dziennikarstwa, Informacji i Bibliologii",FALSE
5/6/2017 15:52:30,Hearthstone,Nie œledzê za czêsto wyników lub livestreamów z rozgrywek ale wiem co to esport,Œledzi³bym/œledzi³abym wyniki,TRUE,Hearthstone,Nie dotyczy,Mê¿czyzna,22,"Dziennikarstwa, Informacji i Bibliologii",FALSE
5/8/2017 11:19:43,Nie gram w nic regularnie,Nie wiem co to e-sport,Nie interesowa³oby mnie to,TRUE,Nie dotyczy,Nie dotyczy,Kobieta,22,"Dziennikarstwa, Informacji i Bibliologii",FALSE
5/7/2017 19:14:43,"Hearthstone, Dota 2","Tak œledzê wyniki dru¿yn e-sportowych, Tak ogl¹dam livestreamy z rozgrywek","Œledzi³bym/œledzi³abym wyniki, Ogl¹da³bym/ogl¹da³abym livestream z rozgrywek, Chcia³bym/chcia³abym uczestniczyæ w imprezie (np. na Auli) gdzie prowadzone by³by rozgrywki",TRUE,"Hearthstone, League of legends, Counter-Strike: Global Offensive","Mia³bym/mia³abym czêœæ dru¿yny do League of legends, Mia³bym/mia³abym czêœæ dru¿yny do Counter-Strike: Global Offensive",Mê¿czyzna,22,Fizyki,FALSE
5/7/2017 22:33:21,Nie gram w nic regularnie,Nie wiem co to e-sport,Nie interesowa³oby mnie to,FALSE,Nie dotyczy,Nie dotyczy,Kobieta,22,Instytut Profilaktyki Spo³ecznej i Resocjalizacji,FALSE
5/2/2017 19:42:50,Overwatch,"Tak œledzê wyniki dru¿yn e-sportowych, Tak ogl¹dam livestreamy z rozgrywek","Œledzi³bym/œledzi³abym wyniki, Ogl¹da³bym/ogl¹da³abym livestream z rozgrywek, Chcia³bym/chcia³abym uczestniczyæ w imprezie (np. na Auli) gdzie prowadzone by³by rozgrywki",TRUE,Overwatch,Mia³bym/mia³abym czêœæ dru¿yny do Overwatch,Mê¿czyzna,22,"Matematyki, Informatyki i Mechaniki",TRUE
5/2/2017 21:44:47,Call of Duty,Nie œledzê za czêsto wyników lub livestreamów z rozgrywek ale wiem co to esport,Chcia³bym/chcia³abym uczestniczyæ w imprezie (np. na Auli) gdzie prowadzone by³by rozgrywki,TRUE,Call of Duty,Nie mia³bym/mia³abym dru¿yny do Call of Duty,Mê¿czyzna,22,"Matematyki, Informatyki i Mechaniki",FALSE
5/2/2017 23:13:18,Nie gram w nic regularnie,"Tak œledzê wyniki dru¿yn e-sportowych, Tak ogl¹dam livestreamy z rozgrywek","Œledzi³bym/œledzi³abym wyniki, Ogl¹da³bym/ogl¹da³abym livestream z rozgrywek, Chcia³bym/chcia³abym uczestniczyæ w imprezie (np. na Auli) gdzie prowadzone by³by rozgrywki",TRUE,Nie dotyczy,Nie dotyczy,Mê¿czyzna,22,"Matematyki, Informatyki i Mechaniki",FALSE
5/3/2017 0:08:50,Hearthstone,Nie interesuje siê e-sportem,Chcia³bym/chcia³abym uczestniczyæ w imprezie (np. na Auli) gdzie prowadzone by³by rozgrywki,TRUE,Hearthstone,Nie dotyczy,Mê¿czyzna,22,"Matematyki, Informatyki i Mechaniki",TRUE
5/3/2017 11:17:54,Dota 2,"Tak œledzê wyniki dru¿yn e-sportowych, Tak ogl¹dam livestreamy z rozgrywek","Œledzi³bym/œledzi³abym wyniki, Ogl¹da³bym/ogl¹da³abym livestream z rozgrywek, Chcia³bym/chcia³abym uczestniczyæ w imprezie (np. na Auli) gdzie prowadzone by³by rozgrywki",TRUE,Dota 2,Mia³bym/mia³abym ca³¹ dru¿ynê do Dota 2,Mê¿czyzna,22,"Matematyki, Informatyki i Mechaniki",FALSE
5/3/2017 21:05:50,Overwatch,"Tak ogl¹dam livestreamy z rozgrywek, Nie œledzê za czêsto wyników lub livestreamów z rozgrywek ale wiem co to esport","Œledzi³bym/œledzi³abym wyniki, Ogl¹da³bym/ogl¹da³abym livestream z rozgrywek, Chcia³bym/chcia³abym uczestniczyæ w imprezie (np. na Auli) gdzie prowadzone by³by rozgrywki",TRUE,"Overwatch, League of legends","Mia³bym/mia³abym ca³¹ dru¿ynê do Overwatch, Mia³bym/mia³abym ca³¹ dru¿ynê do League of legends, Nie mia³bym/mia³abym dru¿yny do Counter-Strike: Global Offensive",Mê¿czyzna,22,"Matematyki, Informatyki i Mechaniki",FALSE
5/3/2017 23:57:51,Nie gram w nic regularnie,Nie œledzê za czêsto wyników lub livestreamów z rozgrywek ale wiem co to esport,Chcia³bym/chcia³abym uczestniczyæ w imprezie (np. na Auli) gdzie prowadzone by³by rozgrywki,FALSE,Nie dotyczy,Nie dotyczy,Mê¿czyzna,22,"Matematyki, Informatyki i Mechaniki",FALSE
5/4/2017 23:49:34,League of legends,Tak ogl¹dam livestreamy z rozgrywek,Chcia³bym/chcia³abym uczestniczyæ w imprezie (np. na Auli) gdzie prowadzone by³by rozgrywki,TRUE,League of legends,Mia³bym/mia³abym ca³¹ dru¿ynê do League of legends,Mê¿czyzna,22,"Matematyki, Informatyki i Mechaniki",TRUE
5/7/2017 18:22:11,"Hearthstone, Counter-Strike: Global Offensive","Tak œledzê wyniki dru¿yn e-sportowych, Tak ogl¹dam livestreamy z rozgrywek","Œledzi³bym/œledzi³abym wyniki, Chcia³bym/chcia³abym uczestniczyæ w imprezie (np. na Auli) gdzie prowadzone by³by rozgrywki",TRUE,"Hearthstone, Counter-Strike: Global Offensive",Mia³bym/mia³abym czêœæ dru¿yny do Counter-Strike: Global Offensive,Mê¿czyzna,22,Nauk Ekonomicznych,TRUE
5/6/2017 23:37:05,Nie gram w nic regularnie,Nie interesuje siê e-sportem,Nie interesowa³oby mnie to,FALSE,Nie dotyczy,Nie dotyczy,Mê¿czyzna,22,Nauk Politycznych i Stosunków Miêdzynarodowych,FALSE
5/7/2017 21:37:39,Nie gram w nic regularnie,Nie wiem co to e-sport,Nie interesowa³oby mnie to,FALSE,Nie dotyczy,Nie dotyczy,Kobieta,22,Neofilologii,TRUE
5/5/2017 12:41:28,"Hearthstone, League of legends",Nie œledzê za czêsto wyników lub livestreamów z rozgrywek ale wiem co to esport,Chcia³bym/chcia³abym uczestniczyæ w imprezie (np. na Auli) gdzie prowadzone by³by rozgrywki,TRUE,"League of legends, Counter-Strike: Global Offensive","Mia³bym/mia³abym czêœæ dru¿yny do Overwatch, Mia³bym/mia³abym czêœæ dru¿yny do League of legends, Mia³bym/mia³abym czêœæ dru¿yny do Counter-Strike: Global Offensive",Mê¿czyzna,22,Orientalistyczny,TRUE
5/8/2017 13:26:46,Nie gram w nic regularnie,"Nie interesuje siê e-sportem, Nie wiem co to e-sport",Nie interesowa³oby mnie to,FALSE,Nie dotyczy,Nie dotyczy,Kobieta,22,Pedagogiczny,FALSE
5/2/2017 17:58:37,Nie gram w nic regularnie,Nie interesuje siê e-sportem,Nie interesowa³oby mnie to,FALSE,Nie dotyczy,Nie dotyczy,Mê¿czyzna,22,Zarz¹dzania,FALSE
5/3/2017 11:54:09,League of legends,"Tak œledzê wyniki dru¿yn e-sportowych, Tak ogl¹dam livestreamy z rozgrywek",Chcia³bym/chcia³abym uczestniczyæ w imprezie (np. na Auli) gdzie prowadzone by³by rozgrywki,TRUE,League of legends,Nie mia³bym/mia³abym dru¿yny do League of legends,Mê¿czyzna,22,Zarz¹dzania,TRUE
5/8/2017 12:57:28,Hearthstone,"Tak œledzê wyniki dru¿yn e-sportowych, Tak ogl¹dam livestreamy z rozgrywek","Œledzi³bym/œledzi³abym wyniki, Ogl¹da³bym/ogl¹da³abym livestream z rozgrywek, Chcia³bym/chcia³abym uczestniczyæ w imprezie (np. na Auli) gdzie prowadzone by³by rozgrywki",TRUE,Hearthstone,Nie dotyczy,Mê¿czyzna,22,Zarz¹dzania,FALSE
5/8/2017 20:16:00,Nie gram w nic regularnie,"Nie interesuje siê e-sportem, Nie wiem co to e-sport",Nie interesowa³oby mnie to,FALSE,Nie dotyczy,Nie dotyczy,Kobieta,22,Zarz¹dzania,FALSE
5/3/2017 9:11:08,League of legends,Nie interesuje siê e-sportem,Chcia³bym/chcia³abym uczestniczyæ w imprezie (np. na Auli) gdzie prowadzone by³by rozgrywki,TRUE,League of legends,Nie mia³bym/mia³abym dru¿yny do League of legends,Mê¿czyzna,22,Zarz¹dzania,FALSE
5/8/2017 12:44:14,Counter-Strike: Global Offensive,Tak œledzê wyniki dru¿yn e-sportowych,Chcia³bym/chcia³abym uczestniczyæ w imprezie (np. na Auli) gdzie prowadzone by³by rozgrywki,TRUE,Counter-Strike: Global Offensive,Nie mia³bym/mia³abym dru¿yny do Counter-Strike: Global Offensive,Mê¿czyzna,23,"Dziennikarstwa, Informacji i Bibliologii",FALSE
5/5/2017 1:32:17,"Hearthstone, Counter-Strike: Global Offensive",Tak œledzê wyniki dru¿yn e-sportowych,Œledzi³bym/œledzi³abym wyniki,TRUE,"Hearthstone, Counter-Strike: Global Offensive",Nie mia³bym/mia³abym dru¿yny do Counter-Strike: Global Offensive,Mê¿czyzna,23,Geografii i Studiów Regionalnych,FALSE
5/8/2017 12:21:53,Nie gram w nic regularnie,"Nie interesuje siê e-sportem, Nie wiem co to e-sport",Ogl¹da³bym/ogl¹da³abym livestream z rozgrywek,FALSE,Nie dotyczy,Nie dotyczy,Kobieta,23,Germanistyki,FALSE
5/7/2017 18:49:21,"Hearthstone, Battlefield",Nie interesuje siê e-sportem,Chcia³bym/chcia³abym uczestniczyæ w imprezie (np. na Auli) gdzie prowadzone by³by rozgrywki,TRUE,Hearthstone,Nie dotyczy,Mê¿czyzna,23,Instytut Historyczny,TRUE
5/7/2017 23:16:41,"Overwatch, Hearthstone, Heroes of the Storm",Tak ogl¹dam livestreamy z rozgrywek,"Œledzi³bym/œledzi³abym wyniki, Ogl¹da³bym/ogl¹da³abym livestream z rozgrywek, Chcia³bym/chcia³abym uczestniczyæ w imprezie (np. na Auli) gdzie prowadzone by³by rozgrywki",TRUE,"Overwatch, Hearthstone",Nie mia³bym/mia³abym dru¿yny do Overwatch,Mê¿czyzna,23,Instytut Historyczny,FALSE
5/5/2017 10:17:51,"Overwatch, League of legends",Tak ogl¹dam livestreamy z rozgrywek,Chcia³bym/chcia³abym uczestniczyæ w imprezie (np. na Auli) gdzie prowadzone by³by rozgrywki,TRUE,League of legends,Nie mia³bym/mia³abym dru¿yny do League of legends,Mê¿czyzna,23,Instytut Komunikacji Specjalistycznej i Interkulturowej,FALSE
5/2/2017 18:29:50,Crypt of Necrodancer,Nie œledzê za czêsto wyników lub livestreamów z rozgrywek ale wiem co to esport,Œledzi³bym/œledzi³abym wyniki,FALSE,Nie dotyczy,Nie dotyczy,Kobieta,23,"Matematyki, Informatyki i Mechaniki",FALSE
5/2/2017 21:28:59,Dota 2,"Tak œledzê wyniki dru¿yn e-sportowych, Tak ogl¹dam livestreamy z rozgrywek","Œledzi³bym/œledzi³abym wyniki, Ogl¹da³bym/ogl¹da³abym livestream z rozgrywek, Chcia³bym/chcia³abym uczestniczyæ w imprezie (np. na Auli) gdzie prowadzone by³by rozgrywki",TRUE,Dota 2,Mia³bym/mia³abym ca³¹ dru¿ynê do Dota 2,Mê¿czyzna,23,"Matematyki, Informatyki i Mechaniki",TRUE
5/2/2017 22:03:24,Nie gram w nic regularnie,Nie interesuje siê e-sportem,Nie interesowa³oby mnie to,FALSE,Nie dotyczy,Nie dotyczy,Mê¿czyzna,23,"Matematyki, Informatyki i Mechaniki",FALSE
5/3/2017 22:17:04,Nie gram w nic regularnie,Nie interesuje siê e-sportem,Nie interesowa³oby mnie to,FALSE,Nie dotyczy,Nie dotyczy,Mê¿czyzna,23,"Matematyki, Informatyki i Mechaniki",FALSE
5/7/2017 22:17:22,Gwint,"Tak œledzê wyniki dru¿yn e-sportowych, Nie œledzê za czêsto wyników lub livestreamów z rozgrywek ale wiem co to esport",Chcia³bym/chcia³abym uczestniczyæ w imprezie (np. na Auli) gdzie prowadzone by³by rozgrywki,TRUE,Gwint,Nie dotyczy,Mê¿czyzna,23,Nauk Ekonomicznych,FALSE
5/7/2017 18:28:38,Nie gram w nic regularnie,Nie interesuje siê e-sportem,Nie interesowa³oby mnie to,FALSE,Nie dotyczy,Nie dotyczy,Mê¿czyzna,23,Nauk Politycznych i Stosunków Miêdzynarodowych,FALSE
5/7/2017 18:32:09,Nie gram w nic regularnie,Nie œledzê za czêsto wyników lub livestreamów z rozgrywek ale wiem co to esport,Chcia³bym/chcia³abym uczestniczyæ w imprezie (np. na Auli) gdzie prowadzone by³by rozgrywki,TRUE,World of Tanks,Nie dotyczy,Mê¿czyzna,23,Nauk Politycznych i Stosunków Miêdzynarodowych,FALSE
5/8/2017 10:29:15,League of legends,Nie œledzê za czêsto wyników lub livestreamów z rozgrywek ale wiem co to esport,"Œledzi³bym/œledzi³abym wyniki, Ogl¹da³bym/ogl¹da³abym livestream z rozgrywek, Chcia³bym/chcia³abym uczestniczyæ w imprezie (np. na Auli) gdzie prowadzone by³by rozgrywki",TRUE,League of legends,Mia³bym/mia³abym ca³¹ dru¿ynê do League of legends,Mê¿czyzna,23,Prawa i Administracji,TRUE
5/4/2017 20:20:40,Nie gram w nic regularnie,Nie interesuje siê e-sportem,Nie interesowa³oby mnie to,FALSE,Nie dotyczy,Nie dotyczy,Kobieta,23,Psychologii,FALSE
5/7/2017 19:17:14,Counter-Strike: Global Offensive,Tak ogl¹dam livestreamy z rozgrywek,Chcia³bym/chcia³abym uczestniczyæ w imprezie (np. na Auli) gdzie prowadzone by³by rozgrywki,TRUE,Counter-Strike: Global Offensive,"Mia³bym/mia³abym ca³¹ dru¿ynê do Counter-Strike: Global Offensive, Mia³bym/mia³abym czêœæ dru¿yny do Counter-Strike: Global Offensive",Mê¿czyzna,23,Zarz¹dzania,FALSE
5/6/2017 14:47:40,Counter-Strike: Global Offensive,"Tak œledzê wyniki dru¿yn e-sportowych, Tak ogl¹dam livestreamy z rozgrywek","Œledzi³bym/œledzi³abym wyniki, Ogl¹da³bym/ogl¹da³abym livestream z rozgrywek, Chcia³bym/chcia³abym uczestniczyæ w imprezie (np. na Auli) gdzie prowadzone by³by rozgrywki",TRUE,Counter-Strike: Global Offensive,Mia³bym/mia³abym ca³¹ dru¿ynê do Counter-Strike: Global Offensive,Mê¿czyzna,24,Geografii i Studiów Regionalnych,TRUE
5/4/2017 15:22:01,Nie gram w nic regularnie,Nie wiem co to e-sport,Nie interesowa³oby mnie to,FALSE,Nie dotyczy,Nie dotyczy,Kobieta,24,Instytut Komunikacji Specjalistycznej i Interkulturowej,FALSE
5/2/2017 18:54:38,Hearthstone,Tak ogl¹dam livestreamy z rozgrywek,Chcia³bym/chcia³abym uczestniczyæ w imprezie (np. na Auli) gdzie prowadzone by³by rozgrywki,TRUE,Hearthstone,Nie dotyczy,Mê¿czyzna,24,"Matematyki, Informatyki i Mechaniki",TRUE
5/2/2017 19:47:16,League of legends,"Tak œledzê wyniki dru¿yn e-sportowych, Tak ogl¹dam livestreamy z rozgrywek",Chcia³bym/chcia³abym uczestniczyæ w imprezie (np. na Auli) gdzie prowadzone by³by rozgrywki,TRUE,League of legends,Nie mia³bym/mia³abym dru¿yny do League of legends,Mê¿czyzna,24,"Matematyki, Informatyki i Mechaniki",TRUE
5/2/2017 20:56:50,Dota 2,Tak ogl¹dam livestreamy z rozgrywek,"Œledzi³bym/œledzi³abym wyniki, Chcia³bym/chcia³abym uczestniczyæ w imprezie (np. na Auli) gdzie prowadzone by³by rozgrywki",TRUE,Dota 2,Mia³bym/mia³abym ca³¹ dru¿ynê do Dota 2,Mê¿czyzna,24,"Matematyki, Informatyki i Mechaniki",FALSE
5/4/2017 19:19:26,Dota 2,Tak œledzê wyniki dru¿yn e-sportowych,Chcia³bym/chcia³abym uczestniczyæ w imprezie (np. na Auli) gdzie prowadzone by³by rozgrywki,TRUE,Dota 2,Mia³bym/mia³abym ca³¹ dru¿ynê do Dota 2,Mê¿czyzna,24,"Matematyki, Informatyki i Mechaniki",FALSE
5/4/2017 20:24:12,"League of legends, Counter-Strike: Global Offensive",Tak ogl¹dam livestreamy z rozgrywek,Chcia³bym/chcia³abym uczestniczyæ w imprezie (np. na Auli) gdzie prowadzone by³by rozgrywki,TRUE,"League of legends, Counter-Strike: Global Offensive","Nie mia³bym/mia³abym dru¿yny do League of legends, Mia³bym/mia³abym czêœæ dru¿yny do Counter-Strike: Global Offensive",Mê¿czyzna,24,"Matematyki, Informatyki i Mechaniki",FALSE
5/5/2017 10:52:47,League of legends,"Tak œledzê wyniki dru¿yn e-sportowych, Tak ogl¹dam livestreamy z rozgrywek","Œledzi³bym/œledzi³abym wyniki, Ogl¹da³bym/ogl¹da³abym livestream z rozgrywek, Chcia³bym/chcia³abym uczestniczyæ w imprezie (np. na Auli) gdzie prowadzone by³by rozgrywki",TRUE,League of legends,Mia³bym/mia³abym czêœæ dru¿yny do League of legends,Mê¿czyzna,24,Psychologii,TRUE
5/2/2017 19:05:16,Nie gram w nic regularnie,"Tak œledzê wyniki dru¿yn e-sportowych, Tak ogl¹dam livestreamy z rozgrywek",Chcia³bym/chcia³abym uczestniczyæ w imprezie (np. na Auli) gdzie prowadzone by³by rozgrywki,FALSE,Counter-Strike: Global Offensive,Nie mia³bym/mia³abym dru¿yny do Counter-Strike: Global Offensive,Mê¿czyzna,25,"Matematyki, Informatyki i Mechaniki",FALSE
5/2/2017 19:50:21,Starcraft 2,"Tak œledzê wyniki dru¿yn e-sportowych, Tak ogl¹dam livestreamy z rozgrywek","Œledzi³bym/œledzi³abym wyniki, Ogl¹da³bym/ogl¹da³abym livestream z rozgrywek, Chcia³bym/chcia³abym uczestniczyæ w imprezie (np. na Auli) gdzie prowadzone by³by rozgrywki",TRUE,Starcraft 2,Nie dotyczy,Mê¿czyzna,25,"Matematyki, Informatyki i Mechaniki",TRUE
5/6/2017 22:25:00,Nie gram w nic regularnie,Nie wiem co to e-sport,Nie interesowa³oby mnie to,TRUE,Nie dotyczy,Nie dotyczy,Kobieta,25,Zarz¹dzania,FALSE
5/3/2017 14:57:27,"Overwatch, Hearthstone, League of legends","Tak œledzê wyniki dru¿yn e-sportowych, Tak ogl¹dam livestreamy z rozgrywek","Œledzi³bym/œledzi³abym wyniki, Chcia³bym/chcia³abym uczestniczyæ w imprezie (np. na Auli) gdzie prowadzone by³by rozgrywki",TRUE,"Hearthstone, League of legends",Nie mia³bym/mia³abym dru¿yny do League of legends,Mê¿czyzna,25,Zarz¹dzania,TRUE
5/2/2017 23:05:01,Nie gram w nic regularnie,Nie œledzê za czêsto wyników lub livestreamów z rozgrywek ale wiem co to esport,Ogl¹da³bym/ogl¹da³abym livestream z rozgrywek,TRUE,FIFA,Nie mia³bym/mia³abym dru¿yny do Counter-Strike: Global Offensive,Mê¿czyzna,26,"Matematyki, Informatyki i Mechaniki",FALSE
5/3/2017 1:00:41,League of legends,Nie œledzê za czêsto wyników lub livestreamów z rozgrywek ale wiem co to esport,"Œledzi³bym/œledzi³abym wyniki, Ogl¹da³bym/ogl¹da³abym livestream z rozgrywek",TRUE,League of legends,Nie mia³bym/mia³abym dru¿yny do League of legends,Mê¿czyzna,26,Psychologii,TRUE
5/4/2017 13:34:33,League of legends,Nie œledzê za czêsto wyników lub livestreamów z rozgrywek ale wiem co to esport,Chcia³bym/chcia³abym uczestniczyæ w imprezie (np. na Auli) gdzie prowadzone by³by rozgrywki,TRUE,League of legends,Mia³bym/mia³abym czêœæ dru¿yny do League of legends,Kobieta,28,Psychologii,FALSE
5/3/2017 10:06:26,World of Tanks,Nie interesuje siê e-sportem,Nie interesowa³oby mnie to,FALSE,Nie dotyczy,Nie dotyczy,Mê¿czyzna,28,Zarz¹dzania,FALSE
5/7/2017 19:18:42,"Counter-Strike: Global Offensive, Heroes of the Storm",Tak ogl¹dam livestreamy z rozgrywek,Ogl¹da³bym/ogl¹da³abym livestream z rozgrywek,TRUE,Counter-Strike: Global Offensive,Nie mia³bym/mia³abym dru¿yny do Counter-Strike: Global Offensive,Kobieta,28,Zarz¹dzania,FALSE
5/4/2017 17:19:22,Nie gram w nic regularnie,Nie wiem co to e-sport,Nie interesowa³oby mnie to,FALSE,Nie dotyczy,Nie dotyczy,Kobieta,37,Uniwersyteckie Kolegium Kszta³cenia Nauczycieli Jêzyka Francuskiego,FALSE
